Company Name,CALENDAR_YEAR,CALENDAR_QTR,Transcript_Filename
Amazon,2020,Q1,"Amazon.com, Inc. (NASDAQ AMZN) Q1 2020 Earnings Conference Call"
Amazon,2020,Q2,"Amazon.com, Inc. (NASDAQ AMZN) Q2 2020 Earnings Conference Call"
Amazon,2020,Q3,"Amazon.com, Inc. (NASDAQ AMZN) Q3 2020 Earnings Conference Call"
Amazon,2020,Q4,"Amazon.com, Inc. (NASDAQ AMZN) Q4 2020 Earnings Conference Call"
Amazon,2021,Q1,"Amazon.com, Inc. (NASDAQ AMZN) Q1 2021 Earnings Conference Call"
Amazon,2021,Q2,"Amazon.com, Inc. (NASDAQ AMZN) Q2 2021 Results Conference Call"
Amazon,2021,Q3,"Amazon.com, Inc. (NASDAQ AMZN) Q3 2021 Earnings Conference Call"
Amazon,2021,Q4,"Amazon.com, Inc. (NASDAQ AMZN) Q4 2021 Earnings Conference Call"
Amazon,2022,Q1,"Amazon.com, Inc. (NASDAQ AMZN) Q1 2022 Earnings Conference Call"
Amazon,2022,Q2,"Amazon.com, Inc. (NASDAQ AMZN) Q2 2022 Earnings Conference Call"
Amazon,2022,Q3,"Amazon.com, Inc. (NASDAQ AMZN) Q3 2022 Earnings Conference Call"
Amazon,2022,Q4,"Amazon.com, Inc. (NASDAQ AMZN) Q4 2022 Earnings Conference Call"
Amazon,2023,Q1,"Amazon.com, Inc. (NASDAQ AMZN) Q1 2023 Results Conference Call"
Amazon,2023,Q2,"Amazon.com, Inc. (NASDAQ AMZN) Q2 2023 Earnings Conference Call"
Amazon,2023,Q3,"Amazon.com, Inc. (NASDAQ AMZN) Q3 2023 Earnings Conference Call"
Amazon,2023,Q4,"Amazon.com, Inc. (NASDAQ AMZN) Q4 2023 Earnings Conference Call"
Amazon,2024,Q1,"Amazon.com, Inc. (NASDAQ AMZN) Q1 2024 Earnings Conference Call"
Amazon,2024,Q2,"Amazon.com, Inc. (NASDAQ AMZN) Q2 2024 Earnings Conference Call"
Amazon,2024,Q3,"Amazon.com, Inc. (NASDAQ AMZN) Q3 2024 "
AMD,2020,Q1,"Advanced Micro Devices, Inc. (NASDAQ AMD) Q1 2020 Earnings Conference Call"
AMD,2020,Q2,"Advanced Micro Devices, Inc. (NASDAQ AMD) Q2 2020 Earnings Conference Call"
AMD,2020,Q3,"Advanced Micro Devices, Inc. (NASDAQ AMD) Q3 2020 Earnings Conference Call"
AMD,2020,Q4,"Advanced Micro Devices, Inc. (NASDAQ AMD) Q4 2020 Earnings Conference Call"
AMD,2021,Q1,"Advanced Micro Devices, Inc. (NASDAQ AMD) Q1 2021 Results Conference Call"
AMD,2021,Q2,"Advanced Micro Devices, Inc. (NASDAQ AMD) Q2 2021 Earnings Conference Call"
AMD,2021,Q3,"Advanced Micro Devices, Inc. (NASDAQ AMD)  Q3 2021 Earnings Conference Call"
AMD,2021,Q4,"Advanced Micro Devices, Inc. (NASDAQ AMD) Q4 2021 Earnings Conference Call"
AMD,2022,Q1,"Advanced Micro Devices, Inc. (NASDAQ AMD) Q1 2022 Earnings Conference Call"
AMD,2022,Q2,"Advanced Micro Devices, Inc. (NASDAQ AMD) Q2 2022 Earnings Conference Call"
AMD,2022,Q3,"Advanced Micro Devices, Inc. (NASDAQ AMD) Q3 2022 Earnings Conference Call"
AMD,2022,Q4,"Advanced Micro Devices, Inc. (NASDAQ AMD) Q4 2022 Earnings Conference Call"
AMD,2023,Q1,"Advanced Micro Devices, Inc. (NASDAQ AMD) Q1 2023 Earnings Conference Call"
AMD,2023,Q2,"Advanced Micro Devices, Inc. (NASDAQ AMD) Q2 2023 Earnings Conference Call"
AMD,2023,Q3,"Advanced Micro Devices, Inc. (NASDAQ AMD) Q3 2023 Earnings Conference Call"
AMD,2023,Q4,"Advanced Micro Devices, Inc. (NASDAQ AMD) Q4 2023 Earnings Conference Call"
AMD,2024,Q1,"Advanced Micro Devices, Inc. (NASDAQ AMD) Q1 2024 Earnings Conference Call"
AMD,2024,Q2,"Advanced Micro Devices, Inc. (NASDAQ AMD) Q2 2024 Earnings Conference Call"
AMD,2024,Q3,"Advanced Micro Devices, Inc. (NASDAQ AMD) Q3 2024 Results Conference Call"
Amkor,2020,Q1,"Amkor Technology, Inc. (NASDAQ AMKR) Q1 2020 Earnings Conference Call"
Amkor,2020,Q2,"Amkor Technology, Inc. (NASDAQ AMKR) Q2 2020 Earnings Conference Call"
Amkor,2020,Q3,"Amkor Technology, Inc. (NASDAQ AMKR) Q3 2020 Earnings Conference Call"
Amkor,2020,Q4,"Amkor Technology, Inc. (NASDAQ AMKR) Q4 2020 Earnings Conference Call"
Amkor,2021,Q1,"Amkor Technology, Inc. (NASDAQ AMKR) Q1 2021 Earnings Conference Call"
Amkor,2021,Q2,"Amkor Technology, Inc. (NASDAQ AMKR) Q2 2021 Results Conference Call"
Amkor,2021,Q3,"Amkor Technology, Inc. (NASDAQ AMKR) Q3 2021 Earnings Conference Call"
Amkor,2021,Q4,"Amkor Technology, Inc. (NASDAQ AMKR) Q4 2021 Earnings Conference Call"
Amkor,2022,Q1,"Amkor Technology, Inc. (NASDAQ AMKR) Q1 2022 Earnings Conference Call"
Amkor,2022,Q2,"Amkor Technology, Inc. (NASDAQ AMKR) Q2 2022 Earnings Conference Call"
Amkor,2022,Q3,"Amkor Technology, Inc. (NASDAQ AMKR) Q3 2022 Earnings Conference Call"
Amkor,2022,Q4,"Amkor Technology, Inc. (NASDAQ AMKR) Q4 2022 Earnings Conference Call"
Amkor,2023,Q1,"Amkor Technology, Inc. (NASDAQ AMKR) Q1 2023 Earnings Conference Call"
Amkor,2023,Q2,"Amkor Technology, Inc. (NASDAQ AMKR) Q2 2023 Earnings Conference Call"
Amkor,2023,Q3,"Amkor Technology, Inc. (NASDAQ AMKR) Q3 2023 Earnings Conference Call"
Amkor,2023,Q4,"Amkor Technology, Inc. (NASDAQ AMKR) Q4 2023 Earnings Conference Call"
Amkor,2024,Q1,"Amkor Technology, Inc. (NASDAQ AMKR) Q1 2024 Results Conference Call"
Amkor,2024,Q2,"Amkor Technology, Inc. (NASDAQ AMKR) Q2 2024 Earnings Conference Call"
Amkor,2024,Q3,"Amkor Technology, Inc. (NASDAQ AMKR) Q3 2024 Earnings Conference Call"
Apple,2020,Q1,Apple Inc. (NASDAQ AAPL) Q2 2020 Results Conference Call
Apple,2020,Q2,Apple Inc. (NASDAQ AAPL) Q3 2020 Results Conference Call
Apple,2020,Q3,Apple Inc. (NASDAQ AAPL) Q4 2020 Earnings Conference Call
Apple,2020,Q4,Apple Inc. (NASDAQ AAPL) Q1 2021 Results Conference Call
Apple,2021,Q1,Apple Inc. (NASDAQ AAPL) Q2 2021 Results Conference Call
Apple,2021,Q2,Apple Inc. (NASDAQ AAPL) Q3 2021 Earnings Conference Call
Apple,2021,Q3,Apple Inc. (NASDAQ AAPL) Q4 2021 Results Conference Call
Apple,2021,Q4,Apple Inc. (NASDAQ AAPL) Q1 2022 Earnings Conference Call
Apple,2022,Q1,Apple Inc. (NASDAQ AAPL) Q2 2022 Earnings Conference Call
Apple,2022,Q2,"Apple, Inc. (NASDAQ AAPL) Q3 2022 Earnings Conference Call"
Apple,2022,Q3,Apple Inc. (NASDAQ AAPL) Q4 2022 Earnings Conference Call
Apple,2022,Q4,"Apple, Inc. (NASDAQ AAPL) Q1 2023 Earnings Conference Call"
Apple,2023,Q1,Apple (NASDAQ AAPL) Q2 2023 
Apple,2023,Q2,"Apple, Inc. (NASDAQ AAPL) Q3 2023 Earnings Conference Call"
Apple,2023,Q3,Apple Inc. (NASDAQ AAPL) Q4 2023 Earnings Conference Call
Apple,2023,Q4,Apple Inc. (NASDAQ AAPL) Q1 2024 Earnings Conference Call
Apple,2024,Q1,Apple Inc. (NASDAQ AAPL) Q2 2024 Earnings Conference Call
Apple,2024,Q2,Apple Inc. (NASDAQ AAPL) Q3 2024 Earnings Conference Call
Apple,2024,Q3,Apple Inc. (NASDAQ AAPL) Q4 2024 Earnings Conference Call
Applied Material,2020,Q1,Applied Materials Inc. (NASDAQ AMAT) Q2 2020 Earnings Conference Call
Applied Material,2020,Q2,"Applied Materials, Inc. (NASDAQ AMAT) Q3 2020 "
Applied Material,2020,Q3,"Applied Materials, Inc. (NASDAQ AMAT) Q4 2020 Earnings Conference Call"
Applied Material,2020,Q4,"Applied Materials, Inc. (NASDAQ AMAT) Q1 2021 Earnings Conference Call"
Applied Material,2021,Q1,"Applied Materials, Inc. (NASDAQ AMAT) Q2 2021 Earnings Conference Call"
Applied Material,2021,Q2,"Applied Materials, Inc. (NASDAQ AMAT) Q3 2021 Earnings Conference Call"
Applied Material,2021,Q3,"Applied Materials, Inc. (NASDAQ AMAT)Q4 2021 Earnings Conference Call"
Applied Material,2021,Q4,"Applied Materials, Inc. (NASDAQ AMAT) Q1 2022 Earnings Conference Call"
Applied Material,2022,Q1,"Applied Materials, Inc. (NASDAQ AMAT) Q2 2022 Earnings Conference Call"
Applied Material,2022,Q2,"Applied Materials, Inc. (NASDAQ AMAT) Q3 2022 Earnings Conference Call"
Applied Material,2022,Q3,"Applied Materials, Inc. (NASDAQ AMAT) Q4 2022 Earnings Conference Call"
Applied Material,2022,Q4,"Applied Materials, Inc. (NASDAQ AMAT) Q1 2023 Results Conference Call"
Applied Material,2023,Q1,"Applied Materials, Inc. (NASDAQ AMAT) Q2 2023 Earnings Conference Call"
Applied Material,2023,Q2,"Applied Materials, Inc. (NASDAQ AMAT) Q3 2023 Earnings Conference Call"
Applied Material,2023,Q3,"Applied Materials, Inc. (NASDAQ AMAT) Q4 2023 Earnings Conference Call"
Applied Material,2023,Q4,"Applied Materials, Inc. (NASDAQ AMAT) Q1 2024 Earnings Conference Call"
Applied Material,2024,Q1,"Applied Materials, Inc. (NASDAQ AMAT) Q2 2024 Earnings Conference Call"
Applied Material,2024,Q2,"Applied Materials, Inc. (NASDAQ AMAT) Q3 2024 Earnings Conference Call"
Applied Material,2024,Q3,"Applied Materials, Inc. (NASDAQ AMAT) Q4 2024 Earnings Conference Call"
Baidu,2020,Q1,"Baidu, Inc. (NASDAQ BIDU) Q1 2020 Earnings Conference Call"
Baidu,2020,Q2,"Baidu, Inc. (NASDAQ BIDU) Q2 2020 "
Baidu,2020,Q3,"Baidu, Inc. (NASDAQ BIDU) Q3 2020 Earnings Conference Call"
Baidu,2020,Q4,"Baidu, Inc. (NASDAQ BIDU) Q4 2020 Earnings Conference Call"
Baidu,2021,Q1,"Baidu, Inc. (NASDAQ BIDU)  Q1 2021 Earnings Conference Call"
Baidu,2021,Q2,Baidu Inc. (NASDAQ BIDU)  Q2 2021 Earnings Conference Call
Baidu,2021,Q3,"Baidu, Inc. (NASDAQ BIDU) Q3 2021 Results Conference Call"
Baidu,2021,Q4,"Baidu, Inc. (NASDAQ BIDU) Q4 2021 Earnings Conference Call"
Baidu,2022,Q1,"Baidu, Inc. (NASDAQ BIDU) Q1 2022 Results Conference Call"
Baidu,2022,Q2,"Baidu, Inc. (NASDAQ BIDU) Q2 2022 Results Conference Call"
Baidu,2022,Q3,"Baidu, Inc. (NASDAQ BIDU) Q3 2022 Earnings Conference Call"
Baidu,2022,Q4,"Baidu, Inc. (NASDAQ BIDU) Q4 2022 Earnings Conference Call"
Baidu,2023,Q1,"Baidu, Inc. (NASDAQ BIDU) Q1 2023 Earnings Conference Call"
Baidu,2023,Q2,"Baidu, Inc. (NASDAQ BIDU) Q2 2023 Earnings Conference Call"
Baidu,2023,Q3,"Baidu, Inc. (NASDAQ BIDU) Q3 2023 Earnings Conference Call"
Baidu,2023,Q4,"Baidu, Inc. (NASDAQ BIDU) Q4 2023 Earnings Conference Call"
Baidu,2024,Q1,Baidu Inc. (NASDAQ BIDU) Q1 2024 Earnings Conference Call
Baidu,2024,Q2,"Baidu, Inc. (NASDAQ BIDU) Q2 2024 Earnings Conference Call"
Baidu,2024,Q3,"Baidu, Inc. (NASDAQ BIDU) Q3 2024 Earnings Conference Call"
Broadcom,2020,Q1,Broadcom Inc. (NASDAQ AVGO) Q2 2020 Earnings Conference Call
Broadcom,2020,Q2,Broadcom Inc. (NASDAQ AVGO) Q3 2020 Results Conference Call
Broadcom,2020,Q3,Broadcom Inc. (NASDAQ AVGO) Q4 2020 Earnings Conference Call
Broadcom,2020,Q4,Broadcom Inc. (NASDAQ AVGO) Q1 2021 Earnings Conference Call
Broadcom,2021,Q1,Broadcom Inc. (NASDAQ AVGO) Q2 2021 Earnings Conference Call
Broadcom,2021,Q2,Broadcom Inc. (NASDAQ AVGO)  Q3 2021 Results Conference Call
Broadcom,2021,Q3,Broadcom Inc. (NASDAQ AVGO) Q4 2021 Earnings Conference Call
Broadcom,2021,Q4,Broadcom Inc. (NASDAQ AVGO) Q1 2022 Earnings Conference Call
Broadcom,2022,Q1,Broadcom Inc. (NASDAQ AVGO) Q2 2022 Results and VMware Acquisition Conference Call
Broadcom,2022,Q2,Broadcom Inc. (NASDAQ AVGO) Q3 2022 Results Conference Call
Broadcom,2022,Q3,Broadcom Inc. (NASDAQ AVGO) Q4 2022 Results Conference Call
Broadcom,2022,Q4,Broadcom Inc. (NASDAQ AVGO) Q1 2023 Earnings Conference Call
Broadcom,2023,Q1,Broadcom Inc. (NASDAQ AVGO) Q2 2023 Results Conference Call
Broadcom,2023,Q2,Broadcom Inc. (NASDAQ AVGO) Q3 2023 Earnings Conference Call
Broadcom,2023,Q3,Broadcom Inc. (NASDAQ AVGO) Q4 2023 Results Conference Call
Broadcom,2023,Q4,Broadcom Inc. (NASDAQ AVGO) Q1 2024 Earnings Conference Call
Broadcom,2024,Q1,Broadcom Inc. (NASDAQ AVGO) Q2 2024 Earnings Conference Call
Broadcom,2024,Q2,Broadcom Inc. (NASDAQ AVGO) Q3 2024 Earnings Conference Call
Cirrus Logic,2020,Q1,"Cirrus Logic, Inc. (NASDAQ CRUS) Q4 2020 Earnings Conference Call"
Cirrus Logic,2020,Q2,"Cirrus Logic, Inc. (NASDAQ CRUS) Q1 2021 Earnings Conference Call"
Cirrus Logic,2020,Q3,"Cirrus Logic, Inc. (NASDAQ CRUS) Q2 2021 Results Conference Call"
Cirrus Logic,2020,Q4,"Cirrus Logic, Inc. (NASDAQ CRUS) Q3 2021 Earnings Conference Call"
Cirrus Logic,2021,Q1,"Cirrus Logic, Inc. (NASDAQ CRUS) Q4 2021 Earnings Conference Call"
Cirrus Logic,2021,Q2,"Cirrus Logic, Inc. (NASDAQ CRUS) Q1 2022 Earnings Conference Call"
Cirrus Logic,2021,Q3,"Cirrus Logic, Inc. (NASDAQ CRUS) Q2 2022 Earnings Conference Call"
Cirrus Logic,2021,Q4,"Cirrus Logic, Inc. (NASDAQ CRUS) Q3 2022 Results Conference Call"
Cirrus Logic,2022,Q1,"Cirrus Logic, Inc. (NASDAQ CRUS) Q4 2022 Earnings Conference Call"
Cirrus Logic,2022,Q2,"Cirrus Logic, Inc. (NASDAQ CRUS) Q1 2023 Earnings Conference Call"
Cirrus Logic,2022,Q3,"Cirrus Logic, Inc. (NASDAQ CRUS) Q2 2023 Earnings Conference Call"
Cirrus Logic,2022,Q4,"Cirrus Logic, Inc. (NASDAQ CRUS) Q3 2023 Earnings Conference Call"
Cirrus Logic,2023,Q1,"Cirrus Logic, Inc. (NASDAQ CRUS) Q4 2023 Earnings Conference Call"
Cirrus Logic,2023,Q2,"Cirrus Logic, Inc. (NASDAQ CRUS) Q1 2024 Results Conference Call"
Cirrus Logic,2023,Q3,"Cirrus Logic, Inc. (NASDAQ CRUS) Q2 2024 Earnings Conference Call"
Cirrus Logic,2023,Q4,"Cirrus Logic, Inc. (NASDAQ CRUS) Q3 2024 Earnings Conference Call"
Cirrus Logic,2024,Q1,"Cirrus Logic, Inc. (NASDAQ CRUS) Q4 2024 Earnings Conference Call"
Cirrus Logic,2024,Q2,"Cirrus Logic, Inc. (NASDAQ CRUS) Q1 2025 Earnings Conference Call"
Cirrus Logic,2024,Q3,"Cirrus Logic, Inc. (NASDAQ CRUS) Q2 2025 Earnings Conference Call"
Google,2020,Q1,Alphabet Inc. (NASDAQ GOOG) Q1 2020 Earnings Conference Call
Google,2020,Q2,"Alphabet, Inc. (NASDAQ GOOG) Q2 2020 Earnings Conference Call"
Google,2020,Q3,Alphabet Inc. (NASDAQ GOOG) Q3 2020 Earnings Conference Call
Google,2020,Q4,"Alphabet, Inc. (NASDAQ GOOG) Q4 2020 Earnings Conference Call"
Google,2021,Q1,Alphabet Inc. (NASDAQ GOOG) Q1 2021 Earnings Conference Call
Google,2021,Q2,Alphabet Inc. (NASDAQ GOOG) Q2 2021 Results Earnings Conference Call
Google,2021,Q3,Alphabet Inc. (NASDAQ GOOG)  Q3 2021 Earnings Conference Call
Google,2021,Q4,Alphabet Inc. (NASDAQ GOOG) Q4 2021 Earnings Conference Call
Google,2022,Q1,Alphabet Inc. (NASDAQ GOOG) Q1 2022 Earnings Conference Call
Google,2022,Q2,Alphabet Inc. (NASDAQ GOOG) Q2 2022 Results Conference Call
Google,2022,Q3,Alphabet Inc. (NASDAQ GOOG) Q3 2022 Results Conference Call
Google,2022,Q4,Alphabet Inc. (NASDAQ GOOG) Q4 2022 Earnings Conference Call
Google,2023,Q1,Alphabet Inc. (NASDAQ GOOG) Q1 2023 Earnings Conference Call
Google,2023,Q2,Alphabet Inc. (NASDAQ GOOG) Q2 2023 Results Conference Call
Google,2023,Q3,Alphabet Inc. (NASDAQ GOOG) Q3 2023 
Google,2023,Q4,Alphabet Inc. (NASDAQ GOOG) Q4 2023 Results Conference Call
Google,2024,Q1,Alphabet Inc. (NASDAQ GOOG) Q1 2024 Earnings Conference Call
Google,2024,Q2,Alphabet Inc. (NASDAQ GOOG) Q2 2024 Earnings Conference Call
Google,2024,Q3,Alphabet Inc. (NASDAQ GOOG) Q3 2024 Earnings Conference Call
Himax,2020,Q1,"Himax Technologies, Inc. (NASDAQ HIMX)  Q1 2020 Results Conference Call"
Himax,2020,Q2,"Himax Technologies, Inc. (NASDAQ HIMX) Q2 2020 Earnings Conference Call"
Himax,2020,Q3,"Himax Technologies, Inc. (NASDAQ HIMX) Q3 2020 Earnings Conference Call"
Himax,2020,Q4,"Himax Technologies, Inc. (NASDAQ HIMX) Q4 2020 Earnings Conference Call"
Himax,2021,Q1,"Himax Technologies, Inc. (NASDAQ HIMX) Q1 2021 Earnings Conference Call"
Himax,2021,Q2,"Himax Technologies, Inc. (NASDAQ HIMX) Q2 2021 Earnings Conference Call"
Himax,2021,Q3,"Himax Technologies, Inc. (NASDAQ HIMX) Q3 2021 Earnings Conference Call"
Himax,2021,Q4,"Himax Technologies, Inc. (NASDAQ HIMX) Q4 2021 Earnings Conference Call"
Himax,2022,Q1,"Himax Technologies, Inc. (NASDAQ HIMX) Q1 2022 Earnings Conference Call"
Himax,2022,Q2,"Himax Technologies, Inc. (NASDAQ HIMX) Q2 2022 Earnings Conference Call"
Himax,2022,Q3,"Himax Technologies, Inc. (NASDAQ HIMX) Q3 2022 Earnings Conference Call"
Himax,2022,Q4,"Himax Technologies, Inc. (NASDAQ HIMX) Q4 2022 Earnings Conference Call"
Himax,2023,Q1,"Himax Technologies, Inc. (NASDAQ HIMX) Q1 2023 Earnings Conference Call"
Himax,2023,Q2,"Himax Technologies, Inc. (NASDAQ HIMX) Q2 2023 "
Himax,2023,Q3,Himax Technologies Inc. (NASDAQ HIMX) Q3 2023 Earnings Conference Call
Himax,2023,Q4,"Himax Technologies, Inc. (NASDAQ HIMX) Q4 2023 Earnings Conference Call"
Himax,2024,Q1,"Himax Technologies, Inc. (NASDAQ HIMX) Q1 2024 Earnings Conference Call"
Himax,2024,Q2,"Himax Technologies, Inc. (NASDAQ HIMX) Q2 2024 Earnings Conference Call"
Himax,2024,Q3,"Himax Technologies, Inc. (NASDAQ HIMX) Q3 2024 Earnings Conference Call"
Intel,2020,Q1,Intel Corporation (NASDAQ INTC) Q1 2020 Earnings Conference Call
Intel,2020,Q2,Intel Corporation (NASDAQ INTC) Q2 2020 Results Conference Call
Intel,2020,Q3,Intel Corporation (NASDAQ INTC) Q3 2020 Earnings Conference Call
Intel,2020,Q4,Intel Corporation (NASDAQ INTC) Q4 2020 Earnings Conference Call
Intel,2021,Q1,Intel Corporation (NASDAQ INTC) Q1 2021 Earnings Conference Call
Intel,2021,Q2,Intel (NASDAQ INTC) Q2 2021 Earnings Conference Call
Intel,2021,Q3,Intel Corporation (NASDAQ INTC) Q3 2021 Earnings Conference Call
Intel,2021,Q4,Intel Corporation (NASDAQ INTC) Q4 2021 Earnings Conference Call
Intel,2022,Q1,Intel Corporation (NASDAQ INTC) Q1 2022 Results Conference Call
Intel,2022,Q2,Intel Corporation (NASDAQ INTC) Q2 2022 Earnings Conference Call
Intel,2022,Q3,Intel Corporation (NASDAQ INTC) Q3 2022 Earnings Conference Call
Intel,2022,Q4,Intel Corporation (NASDAQ INTC) Q4 2022 Earnings Conference Call
Intel,2023,Q1,Intel Corporation (NASDAQ INTC) Q1 2023 Earnings Conference Call
Intel,2023,Q2,Intel Corporation (NASDAQ INTC) Q2 2023 Results Conference Call
Intel,2023,Q3,Intel Corporation (NASDAQ INTC) Q3 2023 Earnings Conference Call
Intel,2023,Q4,Intel Corporation (NASDAQ INTC) Q4 2023 Earnings Conference Call
Intel,2024,Q1,Intel Corporation (NASDAQ INTC) Q1 2024 Earnings Conference Call
Intel,2024,Q2,Intel Corporation (NASDAQ INTC) Q2 2024 Earnings Conference Call
Intel,2024,Q3,Intel Corporation (NASDAQ INTC) Q3 2024 Earnings Conference Call
KLA,2020,Q1,KLA Corporation (NASDAQ KLAC) Q3 2020 Earnings Conference Call
KLA,2020,Q2,KLA Corporation (NASDAQ KLAC) Q4 2020 Earnings Conference Call
KLA,2020,Q3,KLA Corporation (NASDAQ KLAC) Q1 2021 Earnings Conference Call
KLA,2020,Q4,KLA Corporation (NASDAQ KLAC) Q2 2021 Results Earnings Conference Call
KLA,2021,Q1,KLA Corporation (NASDAQ KLAC) Q3 2021 Earnings Conference Call
KLA,2021,Q2,KLA Corporation (NASDAQ KLAC) Q4 2021 Earnings Conference Call
KLA,2021,Q3,KLA Corporation (NASDAQ KLAC)  Q1 2022 Results Conference Call
KLA,2021,Q4,KLA Corporation (NASDAQ KLAC) Q2 2022 Earnings Conference Call
KLA,2022,Q1,KLA Corporation (NASDAQ KLAC) Q3 2022 Earnings Conference Call
KLA,2022,Q2,KLA Corporation (NASDAQ KLAC) Q4 2022 Earnings Conference Call
KLA,2022,Q3,KLA Corporation (NASDAQ KLAC) Q1 2023 Earnings Conference Call
KLA,2022,Q4,KLA Corporation (NASDAQ KLAC) Q2 2023 Earnings Conference Call
KLA,2023,Q1,KLA Corporation (NASDAQ KLAC) Q3 2023 Earnings Conference Call
KLA,2023,Q2,KLA Corporation (NASDAQ KLAC) Q4 2023 Earnings Conference Call
KLA,2023,Q3,KLA Corporation (NASDAQ KLAC) Q1 2024 Earnings Conference Call
KLA,2023,Q4,KLA Corporation (NASDAQ KLAC) Q2 2024 Earnings Conference Call
KLA,2024,Q1,KLA Corporation. (NASDAQ KLAC) Q3 2024 Earnings Conference Call
KLA,2024,Q2,KLA Corporation (NASDAQ KLAC) Q4 2024 Earnings Conference Call
KLA,2024,Q3,KLA Corporation (NASDAQ KLAC) Q1 2025 Earnings Conference Call
Marvell,2020,Q1,Marvell Technology Group Ltd. (NASDAQ MRVL) Q1 2021 Earnings Conference Call
Marvell,2020,Q2,Marvell Technology Group Ltd. (NASDAQ MRVL) Q2 2021 Results Conference Call
Marvell,2020,Q3,Marvell Technology Group Ltd. (NASDAQ MRVL) Q3 2021 Earnings Conference Call
Marvell,2020,Q4,Marvell Technology Group Ltd. (NASDAQ MRVL) Q4 2021 Earnings Conference Call
Marvell,2021,Q1,"Marvell Technology, Inc. (NASDAQ MRVL) Q1 2022 Earnings Conference Call"
Marvell,2021,Q2,"Marvell Technology, Inc. (NASDAQ MRVL) Q2 2022 Earnings Conference Call"
Marvell,2021,Q3,"Marvell Technology, Inc. (NASDAQ MRVL) Q3 2022 Earnings Conference Call"
Marvell,2021,Q4,"Marvell Technology, Inc. (NASDAQ MRVL) Q4 2022 Earnings Conference Call"
Marvell,2022,Q1,"Marvell Technology, Inc. (NASDAQ MRVL) Q1 2023 Earnings Conference Call"
Marvell,2022,Q2,"Marvell Technology, Inc. (NASDAQ MRVL) Q2 2023 Earnings Conference Call"
Marvell,2022,Q3,"Marvell Technology, Inc. (NASDAQ MRVL) Q3 2023 Earnings Conference Call"
Marvell,2022,Q4,"Marvell Technology, Inc. (NASDAQ MRVL) Q4 2023 Earnings Conference Call"
Marvell,2023,Q1,"Marvell Technology, Inc. (NASDAQ MRVL) Q1 2024 Earnings Conference Call"
Marvell,2023,Q2,"Marvell Technology, Inc. (NASDAQ MRVL) Q2 2024 Earnings Conference Call"
Marvell,2023,Q3,"Marvell Technology, Inc. (NASDAQ MRVL) Q3 2024 Earnings Conference Call"
Marvell,2023,Q4,"Marvell Technology, Inc. (NASDAQ MRVL) Q4 2024 Results Conference Call"
Marvell,2024,Q1,"Marvell Technology, Inc. (NASDAQ MRVL) Q1 2025 Earnings Conference Call"
Marvell,2024,Q2,"Marvell Technology, Inc. (NASDAQ MRVL) Q2 2025 "
Microchip,2020,Q1,Microchip Technology Incorporated (NASDAQ MCHP) Q4 2020 Earnings Conference Call
Microchip,2020,Q2,Microchip Technology Incorporated (NASDAQ MCHP) Q1 2021 Earnings Conference Call
Microchip,2020,Q3,Microchip Technology Incorporated (NASDAQ MCHP) Q2 2021 Earnings Conference Call
Microchip,2020,Q4,Microchip Technology Incorporated (NASDAQ MCHP) Q3 2021 Earnings Conference Call
Microchip,2021,Q1,Microchip Technology Incorporated (NASDAQ MCHP) Q4 2021 Earnings Conference Call
Microchip,2021,Q2,Microchip Technology Inc. (NASDAQ MCHP) Q1 2022 Earnings Conference Call
Microchip,2021,Q3,Microchip Technology Incorporated (NASDAQ MCHP) Q2 2022 Earnings Conference Call
Microchip,2021,Q4,Microchip Technology Incorporated (NASDAQ MCHP) Q3 2022 Earnings Conference Call
Microchip,2022,Q1,Microchip Technology Incorporated (NASDAQ MCHP) Q4 2022 Earnings Conference Call
Microchip,2022,Q2,Microchip Technology Incorporated (NASDAQ MCHP) Q1 2023 Earnings Conference Call
Microchip,2022,Q3,Microchip Technology Inc. (NASDAQ MCHP) Q2 2023 Earnings Conference Call
Microchip,2022,Q4,Microchip Technology Inc. (NASDAQ MCHP) Q3 2023 Earnings Conference Call
Microchip,2023,Q1,Microchip Technology Incorporated (NASDAQ MCHP) Q4 2023 Earnings Conference Call
Microchip,2023,Q2,Microchip Technology Incorporated (NASDAQ MCHP) Q1 2024 Earnings Conference Call
Microchip,2023,Q3,Microchip Technology Incorporated (NASDAQ MCHP) Q2 2024 Earnings Conference Call
Microchip,2023,Q4,Microchip Technology Incorporated (NASDAQ MCHP) Q3 2024 Earnings Conference Call
Microchip,2024,Q1,Microchip Technology Incorporated. (NASDAQ MCHP) Q4 2024 Earnings Conference Call
Microchip,2024,Q2,Microchip Technology Incorporated. (NASDAQ MCHP) Q1 2025 Earnings Conference Call
Microchip,2024,Q3,Microchip Technology Incorporated (NASDAQ MCHP) Q2 2025 Earnings Conference Call
Microsoft,2020,Q1,Microsoft Corp (NASDAQ MSFT) Q3 2020 Earnings Conference Call
Microsoft,2020,Q2,Microsoft Corp. (NASDAQ MSFT) Q4 2020 Results Conference Call
Microsoft,2020,Q3,Microsoft Corporation (NASDAQ MSFT) Q1 2021 Results Conference Call
Microsoft,2020,Q4,Microsoft Corporation (NASDAQ MSFT) Q2 2021 Earnings Conference Call
Microsoft,2021,Q1,Microsoft Corporation (NASDAQ MSFT) Q3 2021 Earnings Conference Call
Microsoft,2021,Q2,Microsoft Corporation (NASDAQ MSFT) Q4 2021 Results Conference Call
Microsoft,2021,Q3,Microsoft Corporation (NASDAQ MSFT)  Q1 Fiscal 2022 Earnings Conference Call
Microsoft,2021,Q4,Microsoft Corporation (NASDAQ MSFT) Q2 2022 Earnings Conference Call
Microsoft,2022,Q1,Microsoft Corporation (NASDAQ MSFT) Q3 2022 Earnings Conference Call
Microsoft,2022,Q2,Microsoft Corporation (NASDAQ MSFT) Q4 2022 Earnings Conference Call
Microsoft,2022,Q3,Microsoft Corporation (NASDAQ MSFT) Q1 2023 Earnings Conference Call
Microsoft,2022,Q4,Microsoft Corporation (NASDAQ MSFT) Q2 2023 Earnings Conference Call
Microsoft,2023,Q1,Microsoft Corporation (NASDAQ MSFT) Q3 2023 Earnings Conference Call
Microsoft,2023,Q2,Microsoft Corporation (NASDAQ MSFT) Q4 2023 Earnings Conference Call
Microsoft,2023,Q3,Microsoft Corporation (NASDAQ MSFT) Q1 2024 Earnings Conference Call
Microsoft,2023,Q4,Microsoft Corporation (NASDAQ MSFT) Q2 2024 Earnings Conference Call
Microsoft,2024,Q1,Microsoft Corporation (NASDAQ MSFT) Q3 2024 Earnings Conference Call
Microsoft,2024,Q2,Microsoft Corporation (NASDAQ MSFT) Q4 2024 Earnings Conference Call
Microsoft,2024,Q3,Microsoft Corporation (NASDAQ MSFT) Q1 2025 Results Conference Call
Nvidia,2020,Q1,NVIDIA Corp (NASDAQ NVDA) Q1 2021 Earnings Conference Call
Nvidia,2020,Q2,NVIDIA Corporation (NASDAQ NVDA) Q2 2021 Earnings Conference Call
Nvidia,2020,Q3,NVIDIA Corporation (NASDAQ NVDA) Q3 2021 Results Conference Call
Nvidia,2020,Q4,NVIDIA Corporation (NASDAQ NVDA) Q4 2021 Earnings Conference Call
Nvidia,2021,Q1,NVIDIA Corporation (NASDAQ NVDA) Q1 2022 Earnings Conference Call
Nvidia,2021,Q2,NVIDIA Corporation (NASDAQ NVDA)  Q2 2022 Results Conference Call
Nvidia,2021,Q3,NVIDIA Corporation (NASDAQ NVDA) Q3 2021 Earnings Conference Call
Nvidia,2021,Q4,NVIDIA Corporation (NASDAQ NVDA) Q4 2022 Earnings Conference Call
Nvidia,2022,Q1,NVIDIA Corporation (NASDAQ NVDA) Q1 2023 Earnings Conference Call
Nvidia,2022,Q2,NVIDIA Corporation (NASDAQ NVDA) Q2 2023 Results Conference Call
Nvidia,2022,Q3,NVIDIA Corporation (NASDAQ NVDA) Q3 2023 Results Conference Call
Nvidia,2022,Q4,NVIDIA Corp. (NASDAQ NVDA) Q4 2023 Earnings Conference Call
Nvidia,2023,Q1,NVIDIA Corp. (NASDAQ NVDA) Q1 2024 Earnings Conference Call
Nvidia,2023,Q2,NVIDIA Corp. (NASDAQ NVDA) Q2 2024 Earnings Conference Call
Nvidia,2023,Q3,NVIDIA Corp. (NASDAQ NVDA) Q3 2024 Earnings Conference Call
Nvidia,2023,Q4,NVIDIA Corporation (NASDAQ NVDA) Q4 2024 Earnings Conference Call
Nvidia,2024,Q1,NVIDIA Corporation (NASDAQ NVDA) Q1 2025 Earnings Conference Call
Nvidia,2024,Q2,NVIDIA Corporation (NASDAQ NVDA) Q2 2025 Earnings Conference Call
Nvidia,2024,Q3,NVIDIA Corporation (NASDAQ NVDA) Q3 2025 Earnings Conference Call
ON Semi,2020,Q1,ON Semiconductor Corporation (NASDAQ ON) Q1 2020 Earnings Conference Call
ON Semi,2020,Q2,ON Semiconductor Corp. (NASDAQ ON) Q2 2020 
ON Semi,2020,Q3,ON Semiconductor Corporation (NASDAQ ON) Q3 2020 Earnings Conference Call
ON Semi,2020,Q4,ON Semiconductor Corporation (NASDAQ ON) Q4 2020 Earnings Conference Call
ON Semi,2021,Q1,ON Semiconductor Corporation (NASDAQ ON) Q1 2021 Earnings Conference Call
ON Semi,2021,Q2,ON Semiconductor Corporation (NASDAQ ON) Q2 2021 Earnings Conference Call
ON Semi,2021,Q3,ON Semiconductor Corporation (NASDAQ ON) Q3 2021 Earnings Conference Call
ON Semi,2021,Q4,ON Semiconductor Corporation (NASDAQ ON) Q4 2021 Earnings Conference Call
ON Semi,2022,Q1,ON Semiconductor Corporation (NASDAQ ON) Q1 2022 Earnings Conference Call
ON Semi,2022,Q2,ON Semiconductor Corporation (NASDAQ ON) Q2 2022 Earnings Conference Call
ON Semi,2022,Q3,ON Semiconductor Corporation (NASDAQ ON) Q3 2022 Earnings Conference Call
ON Semi,2022,Q4,ON Semiconductor Corporation (NASDAQ ON) Q4 2022 Earnings Conference Call
ON Semi,2023,Q1,ON Semiconductor Corporation (NASDAQ ON) Q1 2023 Earnings Conference Call
ON Semi,2023,Q2,ON Semiconductor Corporation (NASDAQ ON) Q2 2023 Earnings Conference Call
ON Semi,2023,Q3,ON Semiconductor Corporation (NASDAQ ON) Q3 2023 Earnings Conference Call
ON Semi,2023,Q4,ON Semiconductor Corporation (NASDAQ ON) Q4 2023 Earnings Conference Call
ON Semi,2024,Q1,ON Semiconductor Corporation (NASDAQ ON) Q1 2024 Earnings Conference Call
ON Semi,2024,Q2,ON Semiconductor Corporation (NASDAQ ON) Q2 2024 Earnings Conference Call
ON Semi,2024,Q3,ON Semiconductor Corporation (NASDAQ ON) Q3 2024 Earnings Conference Call
Qorvo,2020,Q1,"Qorvo, Inc. (NASDAQ QRVO) Q4 2020 Earnings Conference Call"
Qorvo,2020,Q2,"Qorvo, Inc. (NASDAQ QRVO) Q1 2021 Earnings Conference Call"
Qorvo,2020,Q3,"Qorvo, Inc. (NASDAQ QRVO) Q2 2021 Earnings Conference Call"
Qorvo,2020,Q4,"Qorvo, Inc. (NASDAQ QRVO) Q3 2021 Earnings Conference Call"
Qorvo,2021,Q1,"Qorvo, Inc. (NASDAQ QRVO) Q4 2021 Earnings Conference Call"
Qorvo,2021,Q2,"Qorvo, Inc. (NASDAQ QRVO) Q1 2022 Earnings Conference Call"
Qorvo,2021,Q3,"Qorvo, Inc. (NASDAQ QRVO) Q2 2022 Results Conference Call"
Qorvo,2021,Q4,"Qorvo, Inc. (NASDAQ QRVO) Q3 2022 Earnings Conference Call"
Qorvo,2022,Q1,"Qorvo, Inc. (NASDAQ QRVO) Q4 2022 Earnings Conference Call"
Qorvo,2022,Q2,"Qorvo, Inc. (NASDAQ QRVO) Q1 2023 Earnings Conference Call"
Qorvo,2022,Q3,"Qorvo, Inc. (NASDAQ QRVO) Q2 2023 Earnings Conference Call"
Qorvo,2022,Q4,"Qorvo, Inc. (NASDAQ QRVO) Q3 2023 Results Conference Call"
Qorvo,2023,Q1,"Qorvo, Inc. (NASDAQ QRVO) Q4 2023 Results Conference Call"
Qorvo,2023,Q2,"Qorvo, Inc. (NASDAQ QRVO) Q1 2024 Earnings Conference Call"
Qorvo,2023,Q3,"Qorvo, Inc. (NASDAQ QRVO) Q2 2024 "
Qorvo,2023,Q4,"Qorvo, Inc. (NASDAQ QRVO) Q3 2024 Earnings Conference Call"
Qorvo,2024,Q1,"Qorvo, Inc. (NASDAQ QRVO) Q4 2024 Earnings Conference Call"
Qorvo,2024,Q2,"Qorvo, Inc. (NASDAQ QRVO) Q1 2025 Earnings Conference Call"
Qorvo,2024,Q3,"Qorvo, Inc. (NASDAQ QRVO) Q2 2025 Earnings Conference Call"
Qualcomm,2020,Q1,QUALCOMM Incorporated (NASDAQ QCOM) Q2 2020 Earnings Conference Call
Qualcomm,2020,Q2,Qualcomm Incorporated (NASDAQ QCOM) Q3 2020 Earnings Conference Call
Qualcomm,2020,Q3,Qualcomm Incorporated (NASDAQ QCOM) Q4 2020 Earnings Conference Call
Qualcomm,2020,Q4,Qualcomm Incorporated (NASDAQ QCOM) Q1 2021 Earnings Conference Call
Qualcomm,2021,Q1,Qualcomm Incorporated (NASDAQ QCOM) Q2 2021 Earnings Conference Call
Qualcomm,2021,Q2,QUALCOMM Incorporated (NASDAQ QCOM) Q3 2021 Earnings Conference Call
Qualcomm,2021,Q3,QUALCOMM Incorporated (NASDAQ QCOM) Q4 2021 Earnings Conference Call
Qualcomm,2021,Q4,QUALCOMM Incorporated (NASDAQ QCOM) Q1 2022 Earnings Conference Call
Qualcomm,2022,Q1,"Qualcomm, Inc. (NASDAQ QCOM) Q2 2022 Earnings Conference Call"
Qualcomm,2022,Q2,QUALCOMM Incorporated (NASDAQ QCOM) Q3 2022 Results Conference Call
Qualcomm,2022,Q3,Qualcomm Inc. (NASDAQ QCOM) Q4 2022 Results Conference Call
Qualcomm,2022,Q4,Qualcomm Incorporated (NASDAQ QCOM) Q1 2023 Results Conference Call
Qualcomm,2023,Q1,Qualcomm Incorporated (NASDAQ QCOM) Q2 2023 Earnings Conference Call
Qualcomm,2023,Q2,QUALCOMM Incorporated (NASDAQ QCOM) Q3 2023 Results Conference Call
Qualcomm,2023,Q3,QUALCOMM Incorporated (NASDAQ QCOM) Q4 2023 
Qualcomm,2023,Q4,QUALCOMM Incorporated (NASDAQ QCOM) Q1 2024 Earnings Conference Call
Qualcomm,2024,Q1,QUALCOMM Incorporated (NASDAQ QCOM) Q2 2024 Earnings Conference Call
Qualcomm,2024,Q2,QUALCOMM Incorporated (NASDAQ QCOM) Q3 2024 Results Conference Call
Qualcomm,2024,Q3,QUALCOMM Incorporated (NASDAQ QCOM) Q4 2024 
Samsung,2020,Q1,Samsung Electronics Co Ltd (OTC SSNLF) Q1 2020 Earnings Conference Call
Samsung,2020,Q2,Samsung Electronics Co Ltd (OTC SSNLF) Q2 2020 Earnings Conference Call
Samsung,2020,Q3,"Samsung Electronics Co., Ltd. (OTC SSNLF) Q3 2020 Earnings Conference Call"
Samsung,2020,Q4,"Samsung Electronics Co., Ltd. (OTC SSNLF) Q4 2020 Earnings Conference Call"
Samsung,2021,Q1,"Samsung Electronics Co., Ltd. (OTC SSNLF) Q1 2021 Earnings Conference Call"
Samsung,2021,Q2,Samsung Electronics Co Ltd (OTC SSNLF) Q2 2021 Earnings Conference Call
Samsung,2021,Q3,"Samsung Electronics Co., Ltd. (OTC SSNLF)  Q3 2021 Earnings Conference Call"
Samsung,2021,Q4,Samsung Electronics Co Ltd (OTC SSNLF) Q4 2021 Earnings Conference Call
Samsung,2022,Q1,Samsung Electronics Co Ltd (OTC SSNLF) Q1 2022 Earnings Conference Call
Samsung,2022,Q2,"Samsung Electronics Co., Ltd. (OTCPK SSNLF) Q2 2022 Earnings Conference Call"
Samsung,2022,Q3,"Samsung Electronics Co., Ltd. (OTCPK SSNLF) Q3 2022 Results Earnings Conference Call"
Samsung,2022,Q4,"Samsung Electronics Co,. Ltd. (OTCPK SSNLF) Q4 2022 Results Conference Call"
Samsung,2023,Q1,"Samsung Electronics Co., Ltd. (OTCPK SSNLF) Q1 2023 Earnings Conference Call"
Samsung,2023,Q2,Samsung Electronics Co Ltd (OTCPK SSNLF) Q2 2023 Earnings Conference Call
Samsung,2023,Q3,"Samsung Electronics Co., Ltd. (OTCPK SSNLF) Q3 2023 Earnings Conference Call"
Samsung,2023,Q4,"Samsung Electronics Co., Ltd. (OTCPK SSNLF) Q4 2023 Earnings Conference Call"
Samsung,2024,Q1,Samsung Electronics Co Ltd (OTCPK SSNLF) Q1 2024 Earnings Conference Call
Samsung,2024,Q2,"Samsung Electronics Co., Ltd. (OTCPK SSNLF) Q2 2024 Earnings Conference Call"
STM,2020,Q1,STMicroelectronics N.V. (NYSE STM) Q1 2020 Earnings Conference Call
STM,2020,Q2,STMicroelectronics N.V. (NYSE STM)  Q2 2020 Earnings Conference Call
STM,2020,Q3,STMicroelectronics NV (NYSE STM) Q3 2020 Earnings Conference Call
STM,2020,Q4,STMicroelectronics NV (NYSE STM) Q4 2020 Results Conference Call
STM,2021,Q1,STMicroelectronics NV (NYSE STM) Q1 2021 Earnings Conference Call
STM,2021,Q2,STMicroelectronics N.V. (NYSE STM) Q2 2021 Earnings Conference Call
STM,2021,Q3,STMicroelectronics N.V. (NYSE STM) Q3 2021 Earnings Conference Call
STM,2021,Q4,STMicroelectronics NV (NYSE STM) Q4 2021 Earnings Conference Call
STM,2022,Q1,STMicroelectronics N.V. (NYSE STM) Q1 2022 Earnings Conference Call
STM,2022,Q2,STMicroelectronics N.V. (NYSE STM) Q2 2022 Earnings Conference Call
STM,2022,Q3,STMicroelectronics N.V. (NYSE STM) Q3 2022 Earnings Conference Call
STM,2022,Q4,STMicroelectronics NV (NYSE STM) Q4 2022 Earnings Conference Call
STM,2023,Q1,STMicroelectronics NV (NYSE STM) Q1 2023 Earnings Conference Call
STM,2023,Q2,STMicroelectronics N.V. (NYSE STM) Q2 2023 
STM,2023,Q3,STMicroelectronics N.V. (NYSE STM) Q3 2023 Results Conference Call
STM,2023,Q4,STMicroelectronics N.V. (NYSE STM) Q4 2023 Earnings Conference Call
STM,2024,Q1,STMicroelectronics N.V. (NYSE STM) Q1 2024 Earnings Conference Call
STM,2024,Q2,STMicroelectronics N.V. (NYSE STM) Q2 2024 Earnings Conference Call
STM,2024,Q3,STMicroelectronics N.V. (NYSE STM) Q3 2024 Earnings Conference Call
Tencent,2020,Q1,Tencent Holdings Limited (OTCPK TCEHY) Q1 2020 Results Earnings Conference Call
Tencent,2020,Q2,Tencent Holdings Limited (OTCPK TCEHY) Q2 2020 Results Earnings Conference Call
Tencent,2020,Q3,Tencent Holdings Limited (OTCPK TCEHY) Q3 2020 Earnings Conference Call
Tencent,2020,Q4,Tencent Holdings Limited (OTCPK TCEHY) Q4 2020 Earnings Conference Call
Tencent,2021,Q1,Tencent Holdings Limited (OTCPK TCEHY) Q1 2021 Earnings Conference Call
Tencent,2021,Q2,Tencent Holdings Limited (OTCPK TCEHY) Q2 2021 Earnings Conference Call
Tencent,2021,Q3,Tencent Holdings Limited (OTCPK TCEHY)  Q3 2021 Earnings Conference Call
Tencent,2021,Q4,Tencent Holdings Limited (OTCPK TCEHY) Q4 2021 Earnings Conference Call
Tencent,2022,Q1,Tencent Holdings Limited (OTCPK TCEHY) Q1 2022 Earnings Conference Call
Tencent,2022,Q2,Tencent Holdings Limited (OTCPK TCEHY) Q2 2022 Results Conference Call
Tencent,2022,Q3,Tencent Holdings Limited (OTCPK TCEHY) Q3 2022 Earnings Conference Call
Tencent,2022,Q4,Tencent Holdings Limited (OTCPK TCEHY) Q4 2022 Results Conference Call
Tencent,2023,Q1,Tencent Holdings Limited (OTCPK TCEHY) Q1 2023 Earnings Conference Call
Tencent,2023,Q2,Tencent Holdings Limited (OTCPK TCEHY) Q2 2023 Earnings Conference Call
Tencent,2023,Q3,Tencent Holdings Limited (OTCPK TCEHY) Q3 2023 Results Conference Call
Tencent,2023,Q4,Tencent Holdings Ltd. (OTCPK TCTZF) Q4 2023 Earnings Conference Call
Tencent,2024,Q1,Tencent Holdings Ltd. (OTCPK TCEHY) Q1 2024 Earnings Conference Call
Tencent,2024,Q2,Tencent Holdings Limited (OTCPK TCEHY) Q2 2024 Earnings Conference Call
Tencent,2024,Q3,Tencent Holdings Limited (OTCPK TCEHY) Q3 2024 Earnings Conference Call
Texas Instruments,2020,Q1,Texas Instruments Incorporated (NASDAQ TXN) Q1 2020 Results Earnings Conference Call
Texas Instruments,2020,Q2,Texas Instruments Incorporated (NASDAQ TXN) Q2 2020 Earnings Conference Call
Texas Instruments,2020,Q3,Texas Instruments Incorporated (NASDAQ TXN) Q3 2020 Earnings Conference Call
Texas Instruments,2020,Q4,Texas Instruments Incorporated (NASDAQ TXN) Q4 2020 Earnings Conference Call
Texas Instruments,2021,Q1,Texas Instruments Incorporated. (NASDAQ TXN) Q1 2021 Earnings Conference Call
Texas Instruments,2021,Q2,Texas Instruments Incorporated (NASDAQ TXN) Q2 2021 Earnings Conference Call
Texas Instruments,2021,Q3,Texas Instruments Incorporated (NASDAQ TXN)  Q3 2021 Earnings Conference Call
Texas Instruments,2021,Q4,Texas Instruments Incorporated (NASDAQ TXN) Q4 2021 Earnings Conference Call
Texas Instruments,2022,Q1,Texas Instruments Incorporated (NASDAQ TXN) Q1 2022 Earnings Conference Call
Texas Instruments,2022,Q2,Texas Instruments Incorporated (NASDAQ TXN) Q2 2022 Earnings Conference Call
Texas Instruments,2022,Q3,Texas Instruments Incorporated (NASDAQ TXN) Q3 2022 Earnings Conference Call
Texas Instruments,2022,Q4,Texas Instruments Incorporated (NASDAQ TXN) Q4 2022 Earnings Conference Call
Texas Instruments,2023,Q1,Texas Instruments Incorporated (NASDAQ TXN) Q1 2023 Earnings Conference Call
Texas Instruments,2023,Q2,Texas Instruments Incorporated (NASDAQ TXN) Q2 2023 Earnings Conference Call
Texas Instruments,2023,Q3,Texas Instruments Incorporated (NASDAQ TXN) Q3 2023 
Texas Instruments,2023,Q4,Texas Instruments Incorporated (NASDAQ TXN) Q4 2023 Earnings Conference Call
Texas Instruments,2024,Q1,Texas Instruments Incorporated (NASDAQ TXN) Q1 2024 Earnings Conference Call
Texas Instruments,2024,Q2,Texas Instruments Incorporated (NASDAQ TXN) Q2 2024 Earnings Conference Call
Texas Instruments,2024,Q3,Texas Instruments Incorporated (NASDAQ TXN) Q3 2024 Earnings Conference Call
TSMC,2020,Q1,Taiwan Semiconductor Manufacturing Co. Ltd. (NYSE TSM) Q1 2020 Results Conference Call
TSMC,2020,Q2,Taiwan Semiconductor Manufacturing Company Limited (NYSE TSM) Q2 2020 Results Earnings Conference Call
TSMC,2020,Q3,Taiwan Semiconductor Manufacturing Company Limited (NYSE TSM) Q3 2020 Earnings Conference Call
TSMC,2020,Q4,Taiwan Semiconductor Manufacturing Company Limited (NYSE TSM) Q4 2020 Results Earnings Conference Call
TSMC,2021,Q1,Taiwan Semiconductor Manufacturing Company Limited (NYSE TSM) Q1 2021 Earnings Conference Call
TSMC,2021,Q2,Taiwan Semiconductor Manufacturing Co Ltd (NYSE TSM) Q2 2021 Earnings Conference Call
TSMC,2021,Q3,Taiwan Semiconductor Manufacturing Company Limited (NYSE TSM) Q3 2021 Earnings Conference Call
TSMC,2021,Q4,Taiwan Semiconductor Manufacturing Company Limited (NYSE TSM) Q4 2021 Earnings Conference Call
TSMC,2022,Q1,Taiwan Semiconductor Manufacturing Company Limited (NYSE TSM) Q1 2022 Results Conference Call
TSMC,2022,Q2,Taiwan Semiconductor Manufacturing Company Limited (NYSE TSM) Q2 2022 Earnings Conference Call
TSMC,2022,Q3,Taiwan Semiconductor Manufacturing Company Limited (NYSE TSM) Q3 2022 Earnings Conference Call
TSMC,2022,Q4,Taiwan Semiconductor Manufacturing Company Limited (NYSE TSM) Q4 2022 Earnings Conference Call
TSMC,2023,Q1,Taiwan Semiconductor Manufacturing Co Ltd (NYSE TSM) Q1 2023 Earnings Conference Call
TSMC,2023,Q2,Taiwan Semiconductor Manufacturing Company Limited (NYSE TSM) Q2 2023 Earnings Conference Call
TSMC,2023,Q3,Taiwan Semiconductor Manufacturing Company Limited (NYSE TSM) Q3 2023 Results Conference Call
TSMC,2023,Q4,Taiwan Semiconductor Manufacturing Company Limited (NYSE TSM) Q4 2023 
TSMC,2024,Q1,Taiwan Semiconductor Manufacturing Co Ltd (NYSE TSM) Q1 2024 Earnings Conference Call
TSMC,2024,Q2,Taiwan Semiconductor Manufacturing Co Ltd (NYSE TSM) Q2 2024 Earnings Conference Call
TSMC,2024,Q3,Taiwan Semiconductor Manufacturing Co Ltd (NYSE TSM) Q3 2024 Earnings Conference Call
Western Digital,2020,Q1,Western Digital Corporation (NASDAQ WDC) Q3 2020 Results Earnings Conference Call
Western Digital,2020,Q2,Western Digital Corporation (NASDAQ WDC) Q4 2020 Earnings Conference Call
Western Digital,2020,Q3,Western Digital Corporation (NASDAQ WDC) Q1 2021 Earnings Conference Call
Western Digital,2020,Q4,Western Digital Corporation (NASDAQ WDC) Q2 2021 Earnings Conference Call
Western Digital,2021,Q1,Western Digital Corp (NASDAQ WDC) Q3 2021 Earnings Conference Call
Western Digital,2021,Q2,Western Digital Corporation (NASDAQ WDC) Q4 2021 Earnings Conference Call
Western Digital,2021,Q3,Western Digital Corporation (NASDAQ WDC) Q1 2022 Results Conference Call
Western Digital,2021,Q4,Western Digital Corporation (NASDAQ WDC) Q2 2022 Earnings Conference Call
Western Digital,2022,Q1,Western Digital Corporation (NASDAQ WDC) Q3 2022 Earnings Conference Call
Western Digital,2022,Q2,Western Digital Corporation (NASDAQ WDC) Q4 2022 Earnings Conference Call
Western Digital,2022,Q3,Western Digital Corporation (NASDAQ WDC) Q1 2023 Earnings Conference Call
Western Digital,2022,Q4,Western Digital Corporation (NASDAQ WDC) Q2 2023 Results Conference Call
Western Digital,2023,Q1,Western Digital Corporation (NASDAQ WDC) Q3 2023 Earnings Conference Call
Western Digital,2023,Q2,Western Digital Corporation (NASDAQ WDC) Q4 2023 Earnings Conference Call
Western Digital,2023,Q3,Western Digital Corporation (NASDAQ WDC) Q1 2024 Earnings Conference Call
Western Digital,2023,Q4,Western Digital Corporation (NASDAQ WDC) Q2 2024 Earnings Conference Call
Western Digital,2024,Q1,Western Digital Corporation (NASDAQ WDC) Q3 2024 Earnings Conference Call
Western Digital,2024,Q2,Western Digital Corporation (NASDAQ WDC) Q4 2024 Earnings Conference Call
Western Digital,2024,Q3,Western Digital Corporation (NASDAQ WDC) Q1 2025 Earnings Conference Call
